{
  "signin": [
    {
      "name": "Mahesh123",
      "email": "Mahesh@gmail.com",
      "number": "1111111",
      "password": "12345",
      "id": 1
    },
    {
      "name": "Ramesh",
      "email": "ramesh@gmail.com",
      "password": "88888",
      "id": 2
    },
    {
      "name": "Ramesh",
      "email": "ramesh@gmail.com",
      "password": "12345",
      "number": 778899998,
      "id": 3
    },
    {
      "name": "",
      "email": "",
      "password": "",
      "number": "",
      "id": 4
    }
  ]
}